{"train/train_runtime": 470.8585, "train/train_samples_per_second": 9.2, "train/train_steps_per_second": 0.319, "train/total_flos": 50624408774520.0, "train/train_loss": 0.6861414591471354, "train/epoch": 3.0, "train/global_step": 150, "_timestamp": 1688919254.8614295, "_runtime": 2073.1539435386658, "_step": 8, "eval/loss": 0.6466399431228638, "eval/accuracy": 0.7430939226519337, "eval/runtime": 10.9911, "eval/samples_per_second": 32.936, "eval/steps_per_second": 0.546, "_wandb": {"runtime": 2497}}